City_ID,City,Lat,Lng,Max Temp,Humidity,Cloudiness,Wind Speed,Description,Country,Date
0,Narasannapeta,18.4167,84.05,84.27,74,5,3.71,clear sky,IN,2022-05-22 19:21:32
1,Hermanus,-34.4187,19.2345,60.31,85,69,7.63,broken clouds,ZA,2022-05-22 19:21:32
2,Rikitea,-23.1203,-134.9692,75.85,76,2,13.69,clear sky,PF,2022-05-22 19:21:33
3,Kodinsk,58.6881,99.1844,42.71,94,5,1.54,clear sky,RU,2022-05-22 19:22:07
4,East London,-33.0153,27.9116,61.32,83,0,3.67,clear sky,ZA,2022-05-22 19:23:40
5,Cavalcante,-13.7975,-47.4583,82.0,31,2,3.49,clear sky,BR,2022-05-22 19:23:41
6,Kaitangata,-46.2817,169.8464,46.53,84,83,13.11,broken clouds,NZ,2022-05-22 19:23:41
7,Senj,44.9894,14.9058,74.07,80,100,5.61,overcast clouds,HR,2022-05-22 19:23:41
8,Ushuaia,-54.8,-68.3,40.62,81,20,5.75,few clouds,AR,2022-05-22 19:21:02
9,Lompoc,34.6391,-120.4579,77.68,65,0,16.11,clear sky,US,2022-05-22 19:22:06
10,Codrington,-38.2667,141.9667,43.59,95,4,7.72,clear sky,AU,2022-05-22 19:21:34
11,Vieste,41.8825,16.175,70.79,69,25,3.85,scattered clouds,IT,2022-05-22 19:23:42
12,Tiznit,29.5833,-9.5,78.08,45,15,3.91,few clouds,MA,2022-05-22 19:21:35
13,Puerto Ayora,-0.7393,-90.3518,78.76,76,66,11.05,broken clouds,EC,2022-05-22 19:22:38
14,Narsaq,60.9167,-46.05,39.42,99,100,5.66,light rain,GL,2022-05-22 19:21:36
15,Tondano,1.3038,124.9112,66.29,89,100,1.28,overcast clouds,ID,2022-05-22 19:21:36
16,Albany,42.6001,-73.9662,91.92,48,86,7.63,overcast clouds,US,2022-05-22 19:21:03
17,Opuwo,-18.0607,13.84,60.51,19,2,7.14,clear sky,NA,2022-05-22 19:21:36
18,Nouakchott,18.0858,-15.9785,69.73,87,0,16.24,clear sky,MR,2022-05-22 19:21:37
19,Jamestown,42.097,-79.2353,57.52,97,100,8.05,overcast clouds,US,2022-05-22 19:17:41
20,Kodiak,57.79,-152.4072,51.31,76,75,12.66,broken clouds,US,2022-05-22 19:21:37
21,Qaanaaq,77.484,-69.3632,25.36,77,100,2.71,overcast clouds,GL,2022-05-22 19:21:37
22,North Bend,43.4065,-124.2243,68.23,87,0,8.05,clear sky,US,2022-05-22 19:15:19
23,Strelka,58.0728,93.0344,47.97,77,15,4.38,few clouds,RU,2022-05-22 19:23:43
24,Netivot,31.4222,34.5886,65.61,65,0,9.19,clear sky,IL,2022-05-22 19:21:38
25,Cradock,-32.1642,25.6192,55.02,70,99,3.76,overcast clouds,ZA,2022-05-22 19:21:38
26,Sitka,57.0531,-135.33,49.89,81,100,8.05,overcast clouds,US,2022-05-22 19:23:43
27,Cidreira,-30.1811,-50.2056,62.58,66,100,4.29,overcast clouds,BR,2022-05-22 19:21:39
28,Barrow,71.2906,-156.7887,21.22,93,100,9.22,overcast clouds,US,2022-05-22 19:21:39
29,Busselton,-33.65,115.3333,61.27,67,65,23.49,broken clouds,AU,2022-05-22 19:21:39
30,Mackay,-21.15,149.2,68.68,83,92,13.38,overcast clouds,AU,2022-05-22 19:21:40
31,Naze,28.3667,129.4833,65.32,72,100,2.8,overcast clouds,JP,2022-05-22 19:21:40
32,Lagoa,39.05,-27.9833,62.24,92,100,5.97,overcast clouds,PT,2022-05-22 19:21:40
33,Taltal,-25.4,-70.4833,66.18,66,22,6.85,few clouds,CL,2022-05-22 19:21:41
34,Bredasdorp,-34.5322,20.0403,56.37,90,38,5.41,scattered clouds,ZA,2022-05-22 19:23:44
35,Port Elizabeth,-33.918,25.5701,56.1,78,91,2.1,overcast clouds,ZA,2022-05-22 19:18:18
36,Leirvik,59.7798,5.5005,56.86,74,100,8.88,overcast clouds,NO,2022-05-22 19:21:41
37,Dikson,73.5069,80.5464,21.96,92,76,8.61,broken clouds,RU,2022-05-22 19:21:41
38,Ust-Nera,64.5667,143.2,35.1,89,100,4.07,overcast clouds,RU,2022-05-22 19:21:42
39,Katangli,51.7102,143.2326,34.16,88,100,7.49,overcast clouds,RU,2022-05-22 19:21:42
40,Sao Filipe,14.8961,-24.4956,72.28,78,6,13.89,clear sky,CV,2022-05-22 19:21:42
41,Lincoln,40.8,-96.667,69.01,33,0,6.91,clear sky,US,2022-05-22 19:23:24
42,Katsuura,35.1333,140.3,64.9,88,66,9.51,broken clouds,JP,2022-05-22 19:21:42
43,Kapaa,22.0752,-159.319,78.78,83,100,12.66,overcast clouds,US,2022-05-22 19:21:43
44,Margate,51.3813,1.3862,64.31,71,100,1.01,overcast clouds,GB,2022-05-22 19:16:11
45,Hobart,-42.8794,147.3294,50.25,85,100,10.36,overcast clouds,AU,2022-05-22 19:20:40
46,Atuona,-9.8,-139.0333,77.34,81,31,17.4,light rain,PF,2022-05-22 19:20:00
47,Tasiilaq,65.6145,-37.6368,33.96,97,100,8.03,overcast clouds,GL,2022-05-22 19:24:45
48,Punta Arenas,-53.15,-70.9167,41.11,65,75,11.5,broken clouds,CL,2022-05-22 19:22:19
49,Airai,-8.9266,125.4092,58.64,90,50,3.58,scattered clouds,TL,2022-05-22 19:24:45
50,Esperance,-33.8667,121.9,63.0,74,24,10.92,few clouds,AU,2022-05-22 19:24:46
51,Guhagar,17.4842,73.1929,83.12,79,5,6.89,clear sky,IN,2022-05-22 19:24:46
52,Castro,-24.7911,-50.0119,64.49,51,4,5.06,clear sky,BR,2022-05-22 19:24:46
53,Georgetown,5.4112,100.3354,82.33,92,20,2.3,few clouds,MY,2022-05-22 19:21:55
54,San Quintin,30.4833,-115.95,65.66,57,0,12.91,clear sky,MX,2022-05-22 19:24:47
55,Dingle,10.9995,122.6711,77.2,88,100,4.23,overcast clouds,PH,2022-05-22 19:24:47
56,Ginda,30.6945,78.4932,55.62,66,0,6.22,clear sky,IN,2022-05-22 19:24:47
57,New Norfolk,-42.7826,147.0587,49.91,84,74,2.37,broken clouds,AU,2022-05-22 19:24:48
58,Longyearbyen,78.2186,15.6401,35.44,87,75,5.75,broken clouds,SJ,2022-05-22 19:24:30
59,Vaini,-21.2,-175.2,75.36,94,40,4.61,scattered clouds,TO,2022-05-22 19:24:48
60,Pochutla,15.7432,-96.4661,90.82,39,0,10.54,clear sky,MX,2022-05-22 19:24:48
61,Provideniya,64.3833,-173.3,49.15,43,100,10.78,overcast clouds,RU,2022-05-22 19:24:37
62,Port Alfred,-33.5906,26.891,60.37,79,60,4.07,broken clouds,ZA,2022-05-22 19:24:49
63,Arraial Do Cabo,-22.9661,-42.0278,73.36,68,0,16.11,clear sky,BR,2022-05-22 19:22:39
64,Dongobesh,-4.0667,35.3833,61.03,67,91,3.31,overcast clouds,TZ,2022-05-22 19:24:49
65,Umba,66.6871,34.3429,34.66,70,30,5.73,scattered clouds,RU,2022-05-22 19:24:49
66,Cocorit,27.5833,-109.9667,86.34,16,6,10.78,clear sky,MX,2022-05-22 19:24:49
67,Rio Grande,-32.035,-52.0986,68.11,67,0,6.93,clear sky,BR,2022-05-22 19:24:50
68,Camalu,30.85,-116.0667,66.4,56,0,11.72,clear sky,MX,2022-05-22 19:24:50
69,Avarua,-21.2078,-159.775,78.85,89,75,13.8,broken clouds,CK,2022-05-22 19:24:50
70,Port-Cartier,50.0334,-66.8654,59.22,76,100,5.06,overcast clouds,CA,2022-05-22 19:22:47
71,Hrodna,53.6884,23.8258,48.94,96,100,6.62,overcast clouds,BY,2022-05-22 19:24:51
72,Ostrovnoy,68.0531,39.5131,30.67,81,18,10.02,few clouds,RU,2022-05-22 19:24:03
73,Isangel,-19.55,169.2667,75.47,85,70,6.85,broken clouds,VU,2022-05-22 19:24:51
74,Mataura,-46.1927,168.8643,44.33,91,100,7.65,overcast clouds,NZ,2022-05-22 19:24:51
75,Bluff,-46.6,168.3333,50.31,73,100,24.79,overcast clouds,NZ,2022-05-22 19:24:52
76,San Cristobal,7.7669,-72.225,82.58,41,1,8.05,clear sky,VE,2022-05-22 19:24:52
77,Nome,64.5011,-165.4064,64.47,20,0,16.11,clear sky,US,2022-05-22 19:24:52
78,Ewo,-0.8725,14.8206,74.75,87,100,4.09,light rain,CG,2022-05-22 19:24:53
79,Lebu,-37.6167,-73.65,52.27,87,100,11.05,overcast clouds,CL,2022-05-22 19:24:53
80,Port Blair,11.6667,92.75,84.24,84,75,13.8,mist,IN,2022-05-22 19:24:53
81,Ban Nahin,18.2418,104.2122,74.08,99,100,2.71,moderate rain,LA,2022-05-22 19:24:54
82,Tuatapere,-46.1333,167.6833,43.93,84,65,7.61,broken clouds,NZ,2022-05-22 19:24:54
83,Muleba,-1.8397,31.6544,71.35,69,100,2.08,overcast clouds,TZ,2022-05-22 19:24:54
84,Sao Joao Da Barra,-21.6403,-41.0511,75.29,66,20,9.75,few clouds,BR,2022-05-22 19:24:54
85,Kloulklubed,7.0419,134.2556,83.68,75,100,7.96,overcast clouds,PW,2022-05-22 19:24:55
86,Grand Forks,47.9417,-97.4337,60.73,31,100,8.05,overcast clouds,US,2022-05-22 19:21:28
87,Ola,59.5833,151.2833,41.14,90,100,18.92,light rain,RU,2022-05-22 19:24:55
88,Hithadhoo,-0.6,73.0833,83.86,72,90,11.77,overcast clouds,MV,2022-05-22 19:24:55
89,Ancud,-41.8697,-73.8203,48.94,68,0,14.14,light rain,CL,2022-05-22 19:23:12
90,Clyde River,70.4692,-68.5914,21.43,86,100,34.52,snow,CA,2022-05-22 19:24:56
91,Bathsheba,13.2167,-59.5167,84.81,70,40,18.41,scattered clouds,BB,2022-05-22 19:23:01
92,Bethel,41.3712,-73.414,93.18,53,0,5.75,clear sky,US,2022-05-22 19:22:34
93,Nioro,13.35,-15.75,86.9,39,67,15.95,broken clouds,GM,2022-05-22 19:25:56
94,Cabedelo,-6.9811,-34.8339,79.47,81,17,18.84,few clouds,BR,2022-05-22 19:25:56
95,Gari,59.4307,62.3497,34.25,96,34,9.04,scattered clouds,RU,2022-05-22 19:25:57
96,Beroroha,-21.6667,45.1667,69.51,44,0,3.78,clear sky,MG,2022-05-22 19:25:57
97,Lata,40.1629,-8.3327,67.08,82,62,8.12,broken clouds,PT,2022-05-22 19:25:57
98,Astana,51.1801,71.446,42.75,75,75,8.95,broken clouds,KZ,2022-05-22 19:25:58
99,Alofi,-19.0595,-169.9187,69.69,100,5,1.14,clear sky,NU,2022-05-22 19:25:58
100,Itoman,26.1247,127.6694,75.22,78,100,9.22,overcast clouds,JP,2022-05-22 19:25:58
101,Pakokku,21.3333,95.1,87.48,60,87,12.08,overcast clouds,MM,2022-05-22 19:25:59
102,Nikolskoye,59.7035,30.7861,44.49,57,7,2.21,clear sky,RU,2022-05-22 19:25:59
103,Mackenzie,55.2999,-123.1698,62.82,23,0,3.44,clear sky,CA,2022-05-22 19:25:59
104,Kineshma,57.4391,42.1289,32.47,79,95,5.57,overcast clouds,RU,2022-05-22 19:26:00
105,Yellowknife,62.456,-114.3525,37.92,75,100,8.05,light snow,CA,2022-05-22 19:26:00
106,Liuhe,42.2401,125.7172,54.61,59,1,5.99,clear sky,CN,2022-05-22 19:26:00
107,Haines Junction,60.7522,-137.5108,57.15,30,100,3.44,overcast clouds,CA,2022-05-22 19:26:01
108,Pitimbu,-7.4706,-34.8086,79.39,75,16,18.12,few clouds,BR,2022-05-22 19:16:11
109,Kieta,-6.2167,155.6333,77.79,82,75,2.73,broken clouds,PG,2022-05-22 19:16:13
110,Hualmay,-11.0964,-77.6139,68.97,74,44,7.34,scattered clouds,PE,2022-05-22 19:26:01
111,Flin Flon,54.7682,-101.865,64.24,19,75,16.11,broken clouds,CA,2022-05-22 19:26:01
112,Kawhia,-38.0651,174.8183,51.51,84,31,13.67,light rain,NZ,2022-05-22 19:26:02
113,Pisco,-13.7,-76.2167,67.01,77,75,11.5,mist,PE,2022-05-22 19:21:47
114,Cape Town,-33.9258,18.4232,59.41,86,0,3.44,clear sky,ZA,2022-05-22 19:25:43
115,Saint-Philippe,-21.3585,55.7679,71.19,76,38,11.23,scattered clouds,RE,2022-05-22 19:22:03
116,Hovd,48.0056,91.6419,63.81,21,97,2.17,overcast clouds,MN,2022-05-22 19:26:02
117,Aksu,41.1231,80.2644,76.62,25,100,7.9,overcast clouds,CN,2022-05-22 19:16:13
118,Sioux Lookout,50.1001,-91.917,53.67,30,75,6.91,broken clouds,CA,2022-05-22 19:23:46
119,Tuktoyaktuk,69.4541,-133.0374,23.0,74,100,9.22,overcast clouds,CA,2022-05-22 19:26:02
120,Cherskiy,68.75,161.3,50.2,53,93,14.81,overcast clouds,RU,2022-05-22 19:26:03
121,Tessalit,20.1986,1.0114,95.02,14,48,11.68,scattered clouds,ML,2022-05-22 19:26:03
122,Mae Sai,20.4335,99.8762,71.26,99,82,0.89,broken clouds,TH,2022-05-22 19:26:03
123,Saint Anthony,45.0205,-93.218,57.76,39,75,18.41,broken clouds,US,2022-05-22 19:26:04
124,Bambous Virieux,-20.3428,57.7575,75.45,64,40,10.36,scattered clouds,MU,2022-05-22 19:26:04
125,Zheshart,62.0731,49.5733,32.63,98,100,9.37,light snow,RU,2022-05-22 19:26:04
126,Necochea,-38.5473,-58.7368,60.98,47,100,12.91,overcast clouds,AR,2022-05-22 19:26:05
127,Belmonte,-15.8631,-38.8828,75.94,71,14,10.74,few clouds,BR,2022-05-22 19:26:05
128,Faya,18.3851,42.4509,73.51,26,0,2.48,clear sky,SA,2022-05-22 19:26:05
129,Okhotsk,59.3833,143.3,34.21,99,100,12.5,overcast clouds,RU,2022-05-22 19:26:06
130,Broome,42.2506,-75.833,83.66,65,75,10.36,moderate rain,US,2022-05-22 19:22:27
131,Peterhead,57.5058,-1.7981,59.4,92,99,15.9,overcast clouds,GB,2022-05-22 19:26:06
132,Bundaberg,-24.85,152.35,63.21,98,100,1.01,overcast clouds,AU,2022-05-22 19:26:06
133,Jardim,-21.4803,-56.1381,79.57,28,90,2.8,overcast clouds,BR,2022-05-22 19:26:07
134,Eyl,7.9803,49.8164,81.3,80,100,22.57,overcast clouds,SO,2022-05-22 19:18:30
135,Kharp,66.8014,65.8081,34.23,77,100,23.09,overcast clouds,RU,2022-05-22 19:26:07
136,Iqaluit,63.7506,-68.5145,26.33,86,100,25.32,overcast clouds,CA,2022-05-22 19:26:07
137,Victoria,22.2855,114.1577,77.18,90,100,15.99,light rain,HK,2022-05-22 19:22:48
138,Boyabat,41.4689,34.7667,58.14,68,20,4.7,few clouds,TR,2022-05-22 19:26:08
139,Bengkulu,-3.8004,102.2655,76.19,90,28,3.78,scattered clouds,ID,2022-05-22 19:24:19
140,Havre-Saint-Pierre,50.2334,-63.5986,50.36,76,100,8.05,overcast clouds,CA,2022-05-22 19:27:08
141,Ararat,39.8317,44.7049,75.54,37,20,6.33,few clouds,AM,2022-05-22 19:27:08
142,Bemidji,47.4736,-94.8803,55.9,39,75,10.36,broken clouds,US,2022-05-22 19:25:40
143,Gunjur,13.2019,-16.7339,75.27,78,0,11.5,clear sky,GM,2022-05-22 19:27:09
144,Hobyo,5.3505,48.5268,80.22,85,100,29.39,overcast clouds,SO,2022-05-22 19:27:09
145,Saint-Jean-Port-Joli,47.2171,-70.2658,73.0,90,99,3.11,overcast clouds,CA,2022-05-22 19:27:09
146,Santiago De Cao,-7.9589,-79.2392,64.53,77,64,12.66,fog,PE,2022-05-22 19:27:10
147,Khatanga,71.9667,102.5,31.82,93,100,6.78,overcast clouds,RU,2022-05-22 19:27:10
148,Kultuk,51.7208,103.6956,53.38,78,100,2.21,overcast clouds,RU,2022-05-22 19:27:11
149,Juneau,58.3019,-134.4197,62.83,69,20,8.05,few clouds,US,2022-05-22 19:23:14
150,Tefe,-3.3542,-64.7114,91.51,62,40,3.44,scattered clouds,BR,2022-05-22 19:27:11
151,Carnarvon,-24.8667,113.6333,70.86,57,33,18.01,scattered clouds,AU,2022-05-22 19:27:11
152,Ribeira Grande,38.5167,-28.7,64.8,100,75,2.3,light intensity drizzle,PT,2022-05-22 19:27:12
153,Bilma,18.6853,12.9164,92.05,9,95,6.51,overcast clouds,NE,2022-05-22 19:24:28
154,Ponta Do Sol,32.6667,-17.1,72.01,79,14,2.06,few clouds,PT,2022-05-22 19:27:12
155,Ko Samui,9.5357,99.9357,84.4,70,100,19.66,overcast clouds,TH,2022-05-22 19:27:12
156,Buraydah,26.326,43.975,95.45,8,1,16.67,clear sky,SA,2022-05-22 19:27:13
157,Mahebourg,-20.4081,57.7,75.49,64,40,10.36,scattered clouds,MU,2022-05-22 19:27:13
158,Labytnangi,66.6572,66.4183,32.7,85,100,31.97,overcast clouds,RU,2022-05-22 19:27:14
159,Hilo,19.7297,-155.09,87.28,66,40,6.91,scattered clouds,US,2022-05-22 19:27:14
160,Mount Gambier,-37.8333,140.7667,35.51,100,100,4.61,fog,AU,2022-05-22 19:24:29
161,Nara,34.6851,135.8049,64.96,86,90,1.25,overcast clouds,JP,2022-05-22 19:27:14
162,Cockburn Town,21.4612,-71.1419,84.16,65,40,11.5,scattered clouds,TC,2022-05-22 19:27:15
163,Ambilobe,-13.2,49.05,74.61,70,61,4.63,broken clouds,MG,2022-05-22 19:18:36
164,Norman Wells,65.282,-126.8329,44.64,49,75,5.75,broken clouds,CA,2022-05-22 19:27:15
165,Laurel,39.0993,-76.8483,94.73,54,0,5.75,clear sky,US,2022-05-22 19:24:50
166,Sobolevo,54.4299,31.8996,42.96,70,12,5.73,few clouds,RU,2022-05-22 19:27:15
167,Valdivia,-39.8142,-73.2459,51.89,73,99,5.64,overcast clouds,CL,2022-05-22 19:26:49
168,Chipiona,36.7366,-6.437,69.98,83,0,14.97,clear sky,ES,2022-05-22 19:27:16
169,Dunedin,-45.8742,170.5036,47.8,66,67,3.0,broken clouds,NZ,2022-05-22 19:27:16
170,Itarema,-2.9248,-39.9167,81.79,81,61,8.01,broken clouds,BR,2022-05-22 19:27:16
171,Constitucion,-35.3333,-72.4167,53.94,86,100,9.53,moderate rain,CL,2022-05-22 19:27:17
172,Hanstholm,57.1167,8.6167,55.62,81,100,8.81,overcast clouds,DK,2022-05-22 19:23:20
173,Stralsund,54.3091,13.0818,59.02,82,10,3.47,clear sky,DE,2022-05-22 19:27:17
174,Ahipara,-35.1667,173.1667,58.89,75,100,10.22,overcast clouds,NZ,2022-05-22 19:27:17
175,Fairbanks,64.8378,-147.7164,64.36,29,0,9.22,clear sky,US,2022-05-22 19:27:18
176,Tulsipur,28.131,82.2973,70.59,67,0,5.1,clear sky,NP,2022-05-22 19:27:18
177,Puerto Maldonado,-12.6,-69.1833,82.44,58,73,3.09,broken clouds,PE,2022-05-22 19:26:05
178,Saldanha,-33.0117,17.9442,59.63,87,91,5.77,overcast clouds,ZA,2022-05-22 19:17:16
179,Dryden,49.7833,-92.7503,55.69,28,40,13.8,scattered clouds,CA,2022-05-22 19:23:30
180,Anuradhapura,8.3565,80.4173,78.76,85,73,13.65,broken clouds,LK,2022-05-22 19:27:18
181,Hamilton,39.1834,-84.5333,68.09,71,100,9.22,overcast clouds,US,2022-05-22 19:26:18
182,Nelson Bay,-32.7167,152.15,57.99,99,100,1.01,light rain,AU,2022-05-22 19:27:19
183,Chemax,20.65,-87.9333,95.34,39,57,11.05,broken clouds,MX,2022-05-22 19:27:19
184,Ukiah,39.1502,-123.2078,82.44,32,0,8.05,clear sky,US,2022-05-22 19:27:20
185,Brainerd,46.358,-94.2008,55.42,33,100,9.22,overcast clouds,US,2022-05-22 19:27:20
186,Upernavik,72.7868,-56.1549,32.61,100,100,6.2,snow,GL,2022-05-22 19:27:20
187,Bezhetsk,57.7851,36.6965,35.65,72,24,4.16,few clouds,RU,2022-05-22 19:24:22
188,Pevek,69.7008,170.3133,34.65,89,89,11.32,overcast clouds,RU,2022-05-22 19:27:21
189,Batemans Bay,-35.7167,150.1833,55.09,87,81,5.53,broken clouds,AU,2022-05-22 19:28:21
190,Fort-Shevchenko,44.5086,50.263,59.67,83,0,23.22,clear sky,KZ,2022-05-22 19:28:21
191,Wajir,1.7471,40.0573,83.57,54,21,10.89,few clouds,KE,2022-05-22 19:28:22
192,Kota Bahru,6.1333,102.2386,76.95,94,20,2.3,few clouds,MY,2022-05-22 19:28:22
193,Kirkland Lake,48.1446,-80.0377,44.89,81,100,5.59,overcast clouds,CA,2022-05-22 19:28:22
194,Butaritari,3.0707,172.7902,81.34,79,59,10.8,light rain,KI,2022-05-22 19:28:23
195,Moerai,-22.4333,-151.3333,78.19,70,21,8.84,few clouds,PF,2022-05-22 19:28:23
196,Athni,16.7333,75.0667,76.64,78,44,18.14,scattered clouds,IN,2022-05-22 19:28:23
197,Mayskiy,47.6931,40.1025,56.61,91,100,10.51,light rain,RU,2022-05-22 19:28:24
198,Petropavlovsk-Kamchatskiy,53.0452,158.6483,39.79,100,75,0.0,broken clouds,RU,2022-05-22 19:26:39
199,Boguchany,58.3814,97.4531,45.41,93,29,1.86,scattered clouds,RU,2022-05-22 19:28:24
200,Mantena,-18.7817,-40.9803,72.27,66,92,9.33,overcast clouds,BR,2022-05-22 19:28:24
201,Yakeshi,49.2833,120.7333,51.1,54,5,8.1,clear sky,CN,2022-05-22 19:28:25
202,Vestmanna,62.1564,-7.1664,47.32,87,100,5.75,overcast clouds,FO,2022-05-22 19:28:25
203,Piacabucu,-10.4056,-36.4344,79.68,67,0,11.61,clear sky,BR,2022-05-22 19:28:25
204,Kununurra,-15.7667,128.7333,58.98,82,93,0.0,overcast clouds,AU,2022-05-22 19:28:26
205,Saskylakh,71.9167,114.0833,33.96,99,100,6.42,light snow,RU,2022-05-22 19:28:26
206,Thompson,55.7435,-97.8558,62.76,27,75,13.8,broken clouds,CA,2022-05-22 19:28:26
207,Kamenka,51.3223,42.7678,43.57,94,68,7.94,broken clouds,RU,2022-05-22 19:28:26
208,Alice Springs,-23.7,133.8833,44.15,70,44,0.0,scattered clouds,AU,2022-05-22 19:26:50
209,Ayolas,-27.4,-56.9,66.96,63,100,3.09,overcast clouds,PY,2022-05-22 19:24:12
210,Westport,41.1415,-73.3579,96.28,55,0,10.36,clear sky,US,2022-05-22 19:24:21
211,Khudumelapye,-23.8833,24.75,52.66,53,0,2.13,clear sky,BW,2022-05-22 19:28:27
212,Acarau,-2.8856,-40.12,82.15,78,33,7.43,scattered clouds,BR,2022-05-22 19:28:27
213,Ballitoville,-29.539,31.2144,64.24,82,100,8.05,moderate rain,ZA,2022-05-22 19:28:28
214,Seara,41.1818,-7.8003,63.95,81,46,5.95,scattered clouds,PT,2022-05-22 19:28:28
215,Tiksi,71.6872,128.8694,30.58,87,100,5.44,overcast clouds,RU,2022-05-22 19:28:28
216,Saint-Joseph,-21.3667,55.6167,70.18,76,34,11.16,scattered clouds,RE,2022-05-22 19:28:29
217,Vila Velha,-20.3297,-40.2925,73.35,73,75,5.75,broken clouds,BR,2022-05-22 19:25:04
218,Masunga,-20.6246,27.4488,48.4,47,0,4.45,clear sky,BW,2022-05-22 19:28:29
219,Klaksvik,62.2266,-6.589,49.12,89,53,3.78,broken clouds,FO,2022-05-22 19:28:29
220,Caucaia,-3.7361,-38.6531,85.3,78,75,6.91,broken clouds,BR,2022-05-22 19:28:30
221,Zaterechnyy,44.7931,45.2097,64.8,57,14,8.43,few clouds,RU,2022-05-22 19:28:30
222,Jumla,29.2747,82.1838,48.52,94,76,2.64,broken clouds,NP,2022-05-22 19:28:30
223,Husavik,66.0449,-17.3389,37.44,99,100,8.77,overcast clouds,IS,2022-05-22 19:28:31
224,Christchurch,-43.5333,172.6333,38.95,89,8,2.3,clear sky,NZ,2022-05-22 19:25:55
225,Souillac,-20.5167,57.5167,75.58,64,40,10.36,scattered clouds,MU,2022-05-22 19:28:31
226,Inhambane,-23.865,35.3833,68.43,92,96,4.32,moderate rain,MZ,2022-05-22 19:28:31
227,Yar-Sale,66.8333,70.8333,33.46,93,100,25.57,overcast clouds,RU,2022-05-22 19:28:32
228,La Ronge,55.1001,-105.2842,64.65,14,75,14.97,broken clouds,CA,2022-05-22 19:28:32
229,Mehamn,71.0357,27.8492,40.91,87,0,8.05,clear sky,NO,2022-05-22 19:28:32
230,Penalva,-3.2942,-45.1736,80.06,91,17,2.84,few clouds,BR,2022-05-22 19:28:32
231,Aklavik,68.2191,-135.0107,26.6,74,100,9.22,light snow,CA,2022-05-22 19:28:33
232,Mar Del Plata,-38.0023,-57.5575,62.62,58,0,6.91,clear sky,AR,2022-05-22 19:29:33
233,Ormara,25.2088,64.6357,82.4,90,0,14.7,clear sky,PK,2022-05-22 19:29:33
234,Boende,-0.2167,20.8667,77.32,82,100,2.46,overcast clouds,CD,2022-05-22 19:29:34
235,Ngunguru,-35.6167,174.5,56.37,81,100,8.01,overcast clouds,NZ,2022-05-22 19:29:34
236,San Patricio,28.017,-97.5169,85.84,54,99,13.18,overcast clouds,US,2022-05-22 19:29:34
237,Sur,22.5667,59.5289,91.76,45,0,11.41,clear sky,OM,2022-05-22 19:29:35
238,Sambava,-14.2667,50.1667,73.6,85,9,11.88,clear sky,MG,2022-05-22 19:29:35
239,Hirara,24.8,125.2833,76.68,78,97,12.19,overcast clouds,JP,2022-05-22 19:29:35
240,Moose Factory,51.2585,-80.6094,48.2,46,100,10.36,overcast clouds,CA,2022-05-22 19:29:36
241,Naryan-Mar,67.6713,53.087,28.33,84,100,23.44,overcast clouds,RU,2022-05-22 19:29:36
242,Taoudenni,22.6783,-3.9836,97.81,8,0,10.27,clear sky,ML,2022-05-22 19:29:36
243,Berlevag,70.8578,29.0864,40.95,81,75,6.91,broken clouds,NO,2022-05-22 19:29:37
244,Menges,46.1669,14.575,69.1,94,20,3.44,few clouds,SI,2022-05-22 19:29:37
245,Blackfoot,43.1905,-112.345,51.73,42,100,9.82,light rain,US,2022-05-22 19:29:37
246,Biak,-0.9131,122.8766,76.01,83,98,5.82,overcast clouds,ID,2022-05-22 19:29:37
247,Porlamar,10.958,-63.8491,96.89,41,22,19.57,few clouds,VE,2022-05-22 19:29:38
248,Richards Bay,-28.783,32.0377,64.0,89,100,18.03,light rain,ZA,2022-05-22 19:29:38
249,Bahia Blanca,-38.7196,-62.2724,63.0,34,100,17.58,overcast clouds,AR,2022-05-22 19:29:38
250,Salmas,38.1973,44.7653,63.45,42,91,8.1,overcast clouds,IR,2022-05-22 19:29:39
251,Puri,19.8,85.85,81.12,82,100,6.06,overcast clouds,IN,2022-05-22 19:29:39
252,Werda,-25.2667,23.2833,54.14,54,0,7.47,clear sky,BW,2022-05-22 19:29:39
253,Makakilo City,21.3469,-158.0858,78.69,64,100,11.5,overcast clouds,US,2022-05-22 19:29:39
254,Dire Dawa,9.5931,41.8661,76.26,21,44,3.65,scattered clouds,ET,2022-05-22 19:29:40
255,Flinders,-34.5833,150.8552,54.68,92,100,1.99,light rain,AU,2022-05-22 19:29:40
256,Alyangula,-13.8483,136.4192,77.34,79,100,10.02,overcast clouds,AU,2022-05-22 19:29:40
257,Bondo,3.8146,23.6866,71.17,88,36,2.59,light rain,CD,2022-05-22 19:29:41
258,Wokha,26.1,94.2667,55.35,97,4,3.18,clear sky,IN,2022-05-22 19:29:41
259,Birao,10.2849,22.7882,91.62,21,100,5.44,overcast clouds,CF,2022-05-22 19:29:41
260,Garmsar,35.2182,52.3409,73.85,18,0,5.64,clear sky,IR,2022-05-22 19:29:41
261,Gravdal,68.1214,13.5031,46.29,100,75,3.44,light rain,NO,2022-05-22 19:29:42
262,Pedernales,18.0384,-71.744,85.77,63,81,4.23,broken clouds,DO,2022-05-22 19:29:42
263,Padang,-0.9492,100.3543,76.78,87,71,3.98,broken clouds,ID,2022-05-22 19:29:42
264,Chokurdakh,70.6333,147.9167,32.68,100,100,3.36,overcast clouds,RU,2022-05-22 19:29:43
265,Apple Valley,34.5008,-117.1859,82.27,14,0,3.0,clear sky,US,2022-05-22 19:28:36
266,Torbay,47.6666,-52.7314,62.28,39,100,13.8,overcast clouds,CA,2022-05-22 19:29:43
267,Ribera,37.4984,13.2642,71.6,55,0,4.09,clear sky,IT,2022-05-22 19:29:43
268,Sabzevar,36.2126,57.6819,63.68,34,0,16.11,clear sky,IR,2022-05-22 19:29:44
269,Carbonia,39.1672,8.5222,72.55,46,0,1.83,clear sky,IT,2022-05-22 19:29:44
270,Goderich,43.7501,-81.7165,46.72,87,100,9.22,overcast clouds,CA,2022-05-22 19:29:44
271,Faanui,-16.4833,-151.75,80.44,73,12,15.26,few clouds,PF,2022-05-22 19:29:45
272,Vardo,70.3705,31.1107,37.38,93,75,14.97,broken clouds,NO,2022-05-22 19:29:45
273,Kahului,20.8947,-156.47,82.42,51,40,15.99,scattered clouds,US,2022-05-22 19:29:45
274,Black River,18.0264,-77.8487,86.85,61,99,17.36,overcast clouds,JM,2022-05-22 19:29:46
275,Manono,-7.3,27.4167,77.92,53,88,4.12,overcast clouds,CD,2022-05-22 19:29:46
276,Byron Bay,-28.65,153.6167,58.71,86,44,11.41,scattered clouds,AU,2022-05-22 19:29:46
277,Maningrida,-12.0667,134.2667,71.19,91,89,7.65,overcast clouds,AU,2022-05-22 19:29:47
278,Chuy,-33.6971,-53.4616,59.09,69,69,4.0,broken clouds,UY,2022-05-22 19:30:47
279,Cayenne,4.9333,-52.3333,80.1,1,75,4.61,moderate rain,GF,2022-05-22 19:30:47
280,Sao Raimundo Das Mangabeiras,-7.0219,-45.4811,83.88,53,99,4.47,overcast clouds,BR,2022-05-22 19:30:47
281,Egvekinot,66.3167,-179.1667,44.53,53,100,1.68,overcast clouds,RU,2022-05-22 19:30:48
282,Madison,34.7334,-86.5667,87.15,62,40,5.75,haze,US,2022-05-22 19:30:48
283,Harper,4.375,-7.7169,76.05,84,100,5.68,light rain,LR,2022-05-22 19:30:48
284,Sattahip,12.6664,100.9007,83.98,94,20,0.0,few clouds,TH,2022-05-22 19:30:49
285,Warri,5.5167,5.75,76.08,91,100,4.38,overcast clouds,NG,2022-05-22 19:30:49
286,Vostok,46.4856,135.8833,40.19,95,88,2.86,overcast clouds,RU,2022-05-22 19:27:17
287,Hutchinson,38.0608,-97.9298,66.04,34,10,4.0,clear sky,US,2022-05-22 19:27:27
288,Ambagarh Chauki,20.7833,80.7167,89.24,24,81,6.78,broken clouds,IN,2022-05-22 19:30:50
289,Valentin Gomez Farias,28.2167,-106.5833,84.83,12,39,11.03,scattered clouds,MX,2022-05-22 19:30:50
290,Hasaki,35.7333,140.8333,57.6,87,100,10.04,light rain,JP,2022-05-22 19:30:50
291,Safaga,26.7292,33.9365,77.86,33,0,17.05,clear sky,EG,2022-05-22 19:30:51
292,Diego De Almagro,-26.3667,-70.05,76.46,17,0,10.36,clear sky,CL,2022-05-22 19:30:51
293,Guiberoua,6.2392,-6.1727,69.08,99,100,3.04,light rain,CI,2022-05-22 19:30:51
294,Henties Bay,-22.116,14.2845,61.05,66,5,9.06,clear sky,NA,2022-05-22 19:30:52
295,Korocha,50.8107,37.1953,45.32,94,95,10.42,overcast clouds,RU,2022-05-22 19:30:52
296,Volot,57.9278,30.7025,38.86,65,0,6.64,clear sky,RU,2022-05-22 19:30:52
297,Erzin,36.9559,36.2,62.29,80,50,4.94,scattered clouds,TR,2022-05-22 19:30:53
298,Mayya,61.7333,130.2811,36.72,74,62,4.05,broken clouds,RU,2022-05-22 19:30:53
299,Ilulissat,69.2167,-51.1,35.62,87,75,4.61,broken clouds,GL,2022-05-22 19:30:53
300,Verkhnevilyuysk,63.4453,120.3167,44.8,70,78,2.66,broken clouds,RU,2022-05-22 19:30:54
301,Mumias,0.3351,34.4864,63.27,92,98,3.0,overcast clouds,KE,2022-05-22 19:30:54
302,Uspenka,48.3903,39.1619,50.25,91,11,9.6,few clouds,UA,2022-05-22 19:30:54
303,Chapais,49.7834,-74.8492,33.58,96,100,5.73,overcast clouds,CA,2022-05-22 19:30:54
304,Karratha,-20.7377,116.8463,77.65,74,100,4.79,overcast clouds,AU,2022-05-22 19:30:55
305,Didao,45.3667,130.8,48.4,88,17,2.68,few clouds,CN,2022-05-22 19:30:55
306,Hurghada,27.2574,33.8129,80.64,22,0,21.85,clear sky,EG,2022-05-22 19:30:55
307,Turka,49.1541,23.0297,44.15,97,84,2.55,broken clouds,UA,2022-05-22 19:30:56
308,Vinh Long,10.25,105.9667,73.38,94,100,3.15,overcast clouds,VN,2022-05-22 19:26:26
309,Sibolga,1.7427,98.7792,76.84,88,100,2.95,overcast clouds,ID,2022-05-22 19:30:56
310,Santos Dumont,-21.4567,-43.5525,68.97,77,6,4.63,clear sky,BR,2022-05-22 19:30:56
311,The Valley,18.217,-63.0578,85.86,70,20,11.5,few clouds,AI,2022-05-22 19:30:57
312,Newport,51.5877,-2.9984,63.16,71,100,6.4,overcast clouds,GB,2022-05-22 19:26:19
313,Petukhovo,55.0692,67.9019,46.17,69,100,14.05,overcast clouds,RU,2022-05-22 19:30:57
314,Goksun,38.021,36.4973,51.73,91,23,5.77,few clouds,TR,2022-05-22 19:30:57
315,Xining,36.6167,101.7667,52.07,73,52,1.39,broken clouds,CN,2022-05-22 19:30:57
316,Nanortalik,60.1432,-45.2371,37.56,98,100,5.75,overcast clouds,GL,2022-05-22 19:30:58
317,Pinawa,50.1489,-95.8811,55.9,33,21,6.11,few clouds,CA,2022-05-22 19:30:58
318,Kenai,60.5544,-151.2583,62.69,39,0,4.61,clear sky,US,2022-05-22 19:30:00
319,Namibe,-15.1961,12.1522,69.17,74,0,3.36,clear sky,AO,2022-05-22 19:30:58
320,Nainpur,22.4333,80.1167,92.82,24,98,9.26,overcast clouds,IN,2022-05-22 19:30:59
321,Meulaboh,4.1363,96.1285,77.72,88,100,2.86,overcast clouds,ID,2022-05-22 19:30:59
322,Caravelas,-17.7125,-39.2481,71.71,75,1,5.48,clear sky,BR,2022-05-22 19:30:59
323,Mascote,-15.5631,-39.3025,78.31,60,39,6.8,scattered clouds,BR,2022-05-22 19:27:29
324,Norrtalje,59.758,18.705,51.98,52,97,4.7,overcast clouds,SE,2022-05-22 19:31:12
325,Ngaoundere,7.3167,13.5833,69.94,80,86,3.15,overcast clouds,CM,2022-05-22 19:32:00
326,Saurimo,-9.6608,20.3916,66.79,47,91,5.32,overcast clouds,AO,2022-05-22 19:32:00
327,Luderitz,-26.6481,15.1594,58.68,66,21,7.16,few clouds,NA,2022-05-22 19:32:00
328,Laguna,38.421,-121.4238,87.3,25,0,5.75,clear sky,US,2022-05-22 19:32:01
329,Najran,17.4924,44.1277,81.25,11,0,3.6,clear sky,SA,2022-05-22 19:32:01
330,Vestmannaeyjar,63.4427,-20.2734,51.8,72,3,1.57,clear sky,IS,2022-05-22 19:30:07
331,Krasnovishersk,60.4078,57.082,33.51,98,100,6.62,light snow,RU,2022-05-22 19:32:02
332,Tecoanapa,16.5167,-98.75,85.55,58,0,10.78,clear sky,MX,2022-05-22 19:32:02
333,Fortuna,40.5982,-124.1573,63.86,80,75,9.22,broken clouds,US,2022-05-22 19:32:02
334,Zaozerne,45.1582,33.2787,58.05,81,15,9.91,few clouds,UA,2022-05-22 19:32:03
335,Olinda,-8.0089,-34.8553,82.13,74,75,20.71,broken clouds,BR,2022-05-22 19:32:03
336,Talaya,61.3833,152.75,35.46,83,100,5.28,overcast clouds,RU,2022-05-22 19:32:03
337,Vigrestad,58.5667,5.7,57.58,85,100,14.58,overcast clouds,NO,2022-05-22 19:32:04
338,Rocha,-34.4833,-54.3333,59.45,69,26,4.99,scattered clouds,UY,2022-05-22 19:32:04
339,Pichayevo,53.2363,42.2032,40.84,74,52,12.84,broken clouds,RU,2022-05-22 19:32:04
340,Parma Heights,41.39,-81.7596,62.11,86,100,8.01,overcast clouds,US,2022-05-22 19:32:05
341,Andradas,-22.0681,-46.5692,60.76,71,0,4.83,clear sky,BR,2022-05-22 19:32:05
342,Niquelandia,-14.4739,-48.4597,83.03,29,5,2.75,clear sky,BR,2022-05-22 19:32:05
343,Manta,-0.95,-80.7333,85.78,66,40,11.5,scattered clouds,EC,2022-05-22 19:32:06
344,Maniitsoq,65.4167,-52.9,32.52,99,100,15.19,light snow,GL,2022-05-22 19:32:06
345,Wanning,18.8003,110.3967,78.66,92,100,3.76,overcast clouds,CN,2022-05-22 19:32:07
346,Klyuchi,52.2667,79.1667,54.12,37,79,8.08,broken clouds,RU,2022-05-22 19:32:07
347,Mus,39.0,41.75,51.21,59,6,4.76,clear sky,TR,2022-05-22 19:32:07
348,Teguldet,57.3064,88.1667,55.09,51,100,8.21,overcast clouds,RU,2022-05-22 19:32:08
349,Lasa,46.6166,10.7002,72.48,93,100,2.93,overcast clouds,IT,2022-05-22 19:32:08
350,Fenoarivo Atsinanana,-17.3667,49.4167,70.47,92,39,5.66,light rain,MG,2022-05-22 19:32:08
351,Lagunas,-5.2269,-75.6753,89.33,47,67,0.72,broken clouds,PE,2022-05-22 19:32:08
352,Portland,45.5234,-122.6762,71.98,49,100,8.01,overcast clouds,US,2022-05-22 19:30:03
353,Odweyne,9.4092,45.064,81.21,42,96,10.33,overcast clouds,SO,2022-05-22 19:32:09
354,Hanyang,32.1371,105.5126,60.31,89,3,0.45,clear sky,CN,2022-05-22 19:32:09
355,Half Moon Bay,37.4636,-122.4286,81.05,61,20,14.97,few clouds,US,2022-05-22 19:32:10
356,Touros,-5.1989,-35.4608,77.38,88,16,13.0,few clouds,BR,2022-05-22 19:32:10
357,Vila Franca Do Campo,37.7167,-25.4333,64.81,93,82,4.27,light rain,PT,2022-05-22 19:32:10
358,Krasnaya Gorka,55.1962,56.6673,38.1,94,99,5.03,overcast clouds,RU,2022-05-22 19:32:11
359,Maarianhamina,60.0973,19.9348,44.46,61,0,2.3,clear sky,AX,2022-05-22 19:32:11
360,Kruisfontein,-34.0033,24.7314,53.89,75,100,3.29,overcast clouds,ZA,2022-05-22 19:32:11
361,Port Macquarie,-31.4333,152.9167,55.89,84,100,4.63,light rain,AU,2022-05-22 19:31:55
362,Ndjole,-0.1783,10.7649,74.39,95,33,2.28,light rain,GA,2022-05-22 19:32:12
363,Pozo Colorado,-23.4923,-58.7972,75.87,44,96,3.02,overcast clouds,PY,2022-05-22 19:32:12
364,Poum,-20.2333,164.0167,78.75,78,0,11.36,clear sky,NC,2022-05-22 19:32:12
365,Wanaka,-44.7,169.15,38.03,81,4,3.24,clear sky,NZ,2022-05-22 19:32:13
366,Waingapu,-9.6567,120.2641,77.18,83,44,9.08,scattered clouds,ID,2022-05-22 19:32:13
367,Talnakh,69.4865,88.3972,33.21,100,100,2.62,overcast clouds,RU,2022-05-22 19:32:13
368,Lusambo,-4.9667,23.45,71.74,86,80,1.61,broken clouds,CD,2022-05-22 19:32:14
369,Paracuru,-3.41,-39.0306,79.11,85,21,8.75,few clouds,BR,2022-05-22 19:32:14
370,Coihaique,-45.5752,-72.0662,39.81,81,75,10.36,broken clouds,CL,2022-05-22 19:32:14
371,Wanganui,-39.9333,175.05,51.6,89,46,1.99,scattered clouds,NZ,2022-05-22 19:33:15
372,Jaque,7.5175,-78.1703,83.79,78,19,4.83,light rain,PA,2022-05-22 19:33:15
373,Coari,-4.085,-63.1414,82.31,80,59,2.33,broken clouds,BR,2022-05-22 19:33:16
374,Leh,34.1667,77.5833,45.7,50,98,8.55,overcast clouds,IN,2022-05-22 19:33:16
375,Sterling,39.0062,-77.4286,93.15,57,75,8.05,broken clouds,US,2022-05-22 19:33:16
376,Caramay,10.1815,119.236,78.37,86,100,0.74,overcast clouds,PH,2022-05-22 19:33:16
377,Mulege,26.8833,-111.9833,87.13,35,1,12.26,clear sky,MX,2022-05-22 19:33:17
378,Rawson,-43.3002,-65.1023,49.39,70,100,6.64,moderate rain,AR,2022-05-22 19:33:17
379,Bambanglipuro,-7.95,110.2833,75.74,88,82,4.0,broken clouds,ID,2022-05-22 19:33:18
380,Kamariotissa,40.4833,25.4667,65.82,86,96,1.41,overcast clouds,GR,2022-05-22 19:33:18
381,Batticaloa,7.7102,81.6924,81.19,69,14,9.15,few clouds,LK,2022-05-22 19:33:18
382,Stephenville,32.2207,-98.2023,75.87,46,0,4.61,clear sky,US,2022-05-22 19:33:18
383,Ushtobe,45.2514,77.9838,62.62,33,100,3.71,moderate rain,KZ,2022-05-22 19:33:19
384,Pangai,-19.8,-174.35,77.11,88,20,3.44,few clouds,TO,2022-05-22 19:33:19
385,Rio Gallegos,-51.6226,-69.2181,40.42,52,1,8.57,clear sky,AR,2022-05-22 19:33:19
386,Tateyama,34.9833,139.8667,66.31,87,11,10.74,few clouds,JP,2022-05-22 19:33:20
387,Bontang,0.1333,117.5,75.9,88,100,4.09,overcast clouds,ID,2022-05-22 19:33:20
388,Fershampenuaz,53.5202,59.8117,37.92,89,12,7.47,few clouds,RU,2022-05-22 19:33:21
389,San Felipe,10.3399,-68.7425,86.2,57,71,10.49,broken clouds,VE,2022-05-22 19:33:21
390,Uravakonda,14.95,77.2667,76.71,73,35,19.39,scattered clouds,IN,2022-05-22 19:33:21
391,Sibu,2.3,111.8167,77.31,88,40,2.3,scattered clouds,MY,2022-05-22 19:33:22
392,Aripuana,-9.1667,-60.6333,88.38,41,11,2.24,few clouds,BR,2022-05-22 19:33:22
393,Nhulunbuy,-12.2333,136.7667,75.81,94,40,4.61,scattered clouds,AU,2022-05-22 19:33:22
394,Port Hardy,50.6996,-127.4199,51.98,82,75,4.61,broken clouds,CA,2022-05-22 19:33:23
395,Kavieng,-2.5744,150.7967,82.47,68,13,16.75,few clouds,PG,2022-05-22 19:33:23
396,Scarborough,54.2797,-0.4044,60.33,90,100,11.56,overcast clouds,GB,2022-05-22 19:31:25
397,Ionia,42.9873,-85.0711,62.8,47,75,16.11,broken clouds,US,2022-05-22 19:33:23
398,Tam Ky,15.5667,108.4833,76.64,91,100,4.81,overcast clouds,VN,2022-05-22 19:33:24
399,Gorom-Gorom,14.4439,-0.2361,83.28,51,92,16.53,light rain,BF,2022-05-22 19:33:24
400,Kungurtug,50.5994,97.5228,52.68,37,100,1.7,overcast clouds,RU,2022-05-22 19:33:24
401,Tendukheda,23.4,79.55,92.8,24,45,6.55,scattered clouds,IN,2022-05-22 19:33:24
402,Mazamet,43.49,2.373,80.22,68,0,5.75,clear sky,FR,2022-05-22 19:33:25
403,Campos Altos,-19.6961,-46.1714,63.77,54,0,2.55,clear sky,BR,2022-05-22 19:33:25
404,Okha,53.5739,142.9478,31.95,91,100,9.6,overcast clouds,RU,2022-05-22 19:33:25
405,Hammerfest,70.6634,23.6821,48.65,61,75,2.3,broken clouds,NO,2022-05-22 19:33:26
406,Quepos,9.4236,-84.1652,82.65,80,66,5.17,broken clouds,CR,2022-05-22 19:33:26
407,Pontal Do Parana,-25.6533,-48.5128,70.99,82,3,5.19,clear sky,BR,2022-05-22 19:33:26
408,Jerantut,3.936,102.3626,74.05,98,75,1.43,light rain,MY,2022-05-22 19:33:27
409,Agirish,61.9247,63.0231,38.41,97,100,9.22,overcast clouds,RU,2022-05-22 19:33:27
410,Alekseyevsk,57.8406,108.3492,42.12,92,53,0.38,broken clouds,RU,2022-05-22 19:33:27
411,Winnemucca,40.973,-117.7357,64.45,25,0,6.91,clear sky,US,2022-05-22 19:33:28
412,Nantucket,41.2835,-70.0995,71.71,77,0,11.5,clear sky,US,2022-05-22 19:33:28
413,Bakchar,57.0186,82.0711,57.22,74,64,13.49,broken clouds,RU,2022-05-22 19:33:28
414,Vanimo,-2.6741,141.3028,77.43,89,82,4.68,broken clouds,PG,2022-05-22 19:33:29
415,Mitsamiouli,-11.3847,43.2844,80.64,77,40,6.6,light rain,KM,2022-05-22 19:34:29
416,Ajra,16.1167,74.2,71.56,94,71,7.05,broken clouds,IN,2022-05-22 19:34:29
417,Guerrero Negro,27.9769,-114.0611,68.72,55,0,16.4,clear sky,MX,2022-05-22 19:34:30
418,Corrales,35.2378,-106.6067,71.4,30,0,18.99,clear sky,US,2022-05-22 19:34:30
419,Matagami,49.7502,-77.6328,42.91,70,100,6.91,overcast clouds,CA,2022-05-22 19:34:30
420,Severo-Kurilsk,50.6789,156.125,40.69,97,100,16.22,overcast clouds,RU,2022-05-22 19:34:31
421,Niederkassel,50.8167,7.0333,68.92,63,0,4.61,clear sky,DE,2022-05-22 19:34:31
422,Nanakuli,21.3906,-158.1547,80.11,64,100,9.22,overcast clouds,US,2022-05-22 19:34:31
423,Dauphin,51.1494,-100.0502,60.94,27,0,6.91,clear sky,CA,2022-05-22 19:33:25
424,Te Anau,-45.4167,167.7167,36.77,91,13,0.27,few clouds,NZ,2022-05-22 19:34:32
425,Geraldton,-28.7667,114.6,64.81,72,40,16.11,light rain,AU,2022-05-22 19:34:32
426,Qinzhou,21.95,108.6167,75.78,95,100,9.13,overcast clouds,CN,2022-05-22 19:34:32
427,Kikwit,-5.041,18.8162,72.84,85,82,2.68,light rain,CD,2022-05-22 19:34:33
428,Floro,61.5996,5.0328,58.23,76,75,12.66,broken clouds,NO,2022-05-22 19:34:33
429,Grindavik,63.8424,-22.4338,55.35,66,0,20.71,clear sky,IS,2022-05-22 19:34:33
430,Teacapan,22.55,-105.75,82.98,57,23,11.61,few clouds,MX,2022-05-22 19:34:33
431,Epernay,49.05,3.95,67.28,80,100,4.7,overcast clouds,FR,2022-05-22 19:34:34
432,Beringovskiy,63.05,179.3167,40.55,75,100,8.61,overcast clouds,RU,2022-05-22 19:34:34
433,Nemuro,43.3236,145.575,45.41,98,100,11.81,light rain,JP,2022-05-22 19:34:34
434,Canton,23.1167,113.25,76.87,79,100,6.2,overcast clouds,CN,2022-05-22 19:29:38
435,Cabo San Lucas,22.8909,-109.9124,84.61,44,0,3.44,clear sky,MX,2022-05-22 19:30:21
436,Tougan,13.0667,-3.0667,87.58,42,99,8.88,overcast clouds,BF,2022-05-22 19:34:35
437,Kita,13.0349,-9.4895,95.18,22,94,3.02,overcast clouds,ML,2022-05-22 19:34:35
438,Konjic,43.6519,17.9614,67.08,88,16,1.63,few clouds,BA,2022-05-22 19:34:35
439,Paris,48.8534,2.3488,70.09,66,0,10.36,clear sky,FR,2022-05-22 19:31:46
440,Shetpe,44.1667,52.1167,60.42,44,0,19.1,clear sky,KZ,2022-05-22 19:34:36
441,Traralgon,-38.1833,146.5333,42.76,98,22,2.17,few clouds,AU,2022-05-22 19:31:14
442,Camana,-16.6228,-72.7111,68.81,74,87,10.25,overcast clouds,PE,2022-05-22 19:34:36
443,Lebyazhye,55.2689,66.4947,43.11,78,100,12.62,overcast clouds,RU,2022-05-22 19:34:36
444,Guilin,25.2819,110.2864,66.31,99,100,5.14,overcast clouds,CN,2022-05-22 19:34:37
445,Faro,37.0194,-7.9322,75.18,60,0,18.41,clear sky,PT,2022-05-22 19:32:17
446,Hofn,64.2539,-15.2082,47.25,69,30,16.84,scattered clouds,IS,2022-05-22 19:34:37
447,Lolodorf,3.2333,10.7333,70.57,100,92,2.35,overcast clouds,CM,2022-05-22 19:34:37
448,Salamiyah,35.0113,37.0532,60.85,66,0,18.61,clear sky,SY,2022-05-22 19:34:39
449,Abu Kamal,34.4506,40.9171,84.33,27,100,27.07,overcast clouds,SY,2022-05-22 19:34:39
450,Barcelos,41.5388,-8.6151,67.84,94,59,5.08,broken clouds,PT,2022-05-22 19:34:39
451,Arlit,18.7369,7.3853,93.47,14,97,4.43,overcast clouds,NE,2022-05-22 19:34:40
452,Turukhansk,65.8167,87.9833,52.54,73,80,5.88,broken clouds,RU,2022-05-22 19:34:40
453,Zhenlai,45.8495,123.2973,63.55,38,16,7.52,few clouds,CN,2022-05-22 19:34:40
454,Port Augusta,-32.5,137.7667,60.28,69,100,2.8,overcast clouds,AU,2022-05-22 19:34:41
455,Sobradinho,-12.8333,-39.1,72.97,77,1,6.91,clear sky,BR,2022-05-22 19:34:41
456,Butembo,0.15,29.2833,58.17,97,84,2.46,light rain,CD,2022-05-22 19:34:41
457,Iquique,-20.2208,-70.1431,64.44,73,29,8.32,scattered clouds,CL,2022-05-22 19:34:42
458,Bauchi,10.5,10.0,81.12,51,92,5.26,light rain,NG,2022-05-22 19:34:42
459,Namatanai,-3.6667,152.4333,79.32,71,46,9.73,scattered clouds,PG,2022-05-22 19:34:42
460,Bowen,-20.0167,148.2333,69.01,82,100,9.26,overcast clouds,AU,2022-05-22 19:34:43
461,Rumoi,43.9344,141.6428,55.04,95,100,2.15,overcast clouds,JP,2022-05-22 19:34:43
462,Salalah,17.0151,54.0924,84.29,84,75,6.91,broken clouds,OM,2022-05-22 19:35:43
463,Erzurum,40.0,41.5,55.08,61,96,1.21,overcast clouds,TR,2022-05-22 19:35:43
464,Sinnamary,5.3833,-52.95,80.08,83,92,6.2,overcast clouds,GF,2022-05-22 19:35:44
465,Masyaf,35.0653,36.3406,57.81,84,19,18.79,few clouds,SY,2022-05-22 19:35:44
466,El Alto,-4.2714,-81.2147,73.06,72,30,21.05,scattered clouds,PE,2022-05-22 19:35:44
467,Zhezkazgan,47.8043,67.7144,50.18,29,0,8.41,clear sky,KZ,2022-05-22 19:35:45
468,Yatou,37.15,122.3833,61.77,76,32,8.43,scattered clouds,CN,2022-05-22 19:35:45
469,Takoradi,4.8845,-1.7554,75.6,89,100,4.27,overcast clouds,GH,2022-05-22 19:35:45
470,Aberdeen,57.1437,-2.0981,59.65,80,100,14.97,overcast clouds,GB,2022-05-22 19:35:46
471,Khorixas,-20.3667,14.9667,62.85,17,2,12.15,clear sky,NA,2022-05-22 19:35:46
472,Burtunay,42.9886,46.6303,55.33,52,0,7.29,clear sky,RU,2022-05-22 19:35:46
473,Ajdabiya,30.7554,20.2263,65.53,65,0,5.99,clear sky,LY,2022-05-22 19:35:47
474,Vilaka,57.1846,27.6722,42.31,69,88,6.15,overcast clouds,LV,2022-05-22 19:35:47
475,Grafton,42.207,-71.6856,95.25,39,0,14.97,clear sky,US,2022-05-22 19:35:47
476,Sassandra,4.95,-6.0833,73.17,93,100,4.85,light rain,CI,2022-05-22 19:35:47
477,Marawi,7.9986,124.2928,69.67,92,99,3.24,overcast clouds,PH,2022-05-22 19:35:48
478,Tsiroanomandidy,-18.7667,46.0333,69.89,56,100,1.03,overcast clouds,MG,2022-05-22 19:35:48
479,Alta Floresta,-9.8756,-56.0861,91.22,29,0,4.61,clear sky,BR,2022-05-22 19:35:48
480,Verkhnetulomskiy,68.6073,31.7962,39.33,99,100,2.59,overcast clouds,RU,2022-05-22 19:35:49
481,Lorengau,-2.0226,147.2712,82.81,70,95,11.83,overcast clouds,PG,2022-05-22 19:35:49
482,Burns Lake,54.2331,-125.7533,62.02,25,0,7.43,clear sky,CA,2022-05-22 19:35:04
483,Igurubi,-4.0,33.7,72.79,61,90,6.78,overcast clouds,TZ,2022-05-22 19:35:49
484,Maraba,-5.3686,-49.1178,93.38,49,40,3.44,scattered clouds,BR,2022-05-22 19:35:50
485,Bud,39.447,-86.1758,68.2,53,100,12.26,overcast clouds,US,2022-05-22 19:35:50
486,Tual,-5.6667,132.75,83.01,76,44,15.03,scattered clouds,ID,2022-05-22 19:35:50
487,San Jeronimo,-11.9472,-75.2829,63.72,40,77,1.92,broken clouds,PE,2022-05-22 19:35:51
488,Ouallam,14.3188,2.0866,88.79,38,100,11.95,overcast clouds,NE,2022-05-22 19:35:51
489,Shirokiy,49.758,129.523,53.67,73,100,21.79,overcast clouds,RU,2022-05-22 19:35:51
490,Dukat,62.55,155.55,30.51,98,100,6.53,overcast clouds,RU,2022-05-22 19:35:52
491,Ode,7.7899,5.7117,71.4,94,95,7.7,overcast clouds,NG,2022-05-22 19:35:52
492,Srednekolymsk,67.45,153.6833,52.79,46,88,13.33,overcast clouds,RU,2022-05-22 19:32:37
493,Ugoofaaru,5.6667,73.0,83.21,77,76,13.67,broken clouds,MV,2022-05-22 19:35:52
494,Hambantota,6.1241,81.1185,79.41,85,80,17.0,broken clouds,LK,2022-05-22 19:32:43
495,Moroni,-11.7022,43.2551,79.97,81,26,6.38,light rain,KM,2022-05-22 19:35:53
496,Lumut,4.2323,100.6298,78.82,89,20,1.14,few clouds,MY,2022-05-22 19:35:53
497,Huarmey,-10.0681,-78.1522,70.34,72,10,9.06,clear sky,PE,2022-05-22 19:35:53
498,Leningradskiy,69.3833,178.4167,34.61,96,100,4.14,overcast clouds,RU,2022-05-22 19:33:19
499,Kijang,35.2442,129.2139,64.11,74,51,2.66,broken clouds,KR,2022-05-22 19:32:02
500,Yumen,40.2833,97.2,63.45,27,28,15.14,scattered clouds,CN,2022-05-22 19:35:54
501,Luena,-11.7833,19.9167,59.49,54,50,4.94,scattered clouds,AO,2022-05-22 19:32:38
502,Oranjestad,12.524,-70.027,85.95,62,20,26.46,few clouds,AW,2022-05-22 19:35:54
503,Wajima,37.4,136.9,59.07,86,79,12.26,broken clouds,JP,2022-05-22 19:35:54
504,Bennington,42.8781,-73.1968,91.22,47,40,8.05,scattered clouds,US,2022-05-22 19:35:42
505,Igarka,67.4667,86.5833,39.78,95,99,9.04,overcast clouds,RU,2022-05-22 19:35:55
506,Gibgos,13.859,123.7675,79.25,86,97,3.83,overcast clouds,PH,2022-05-22 19:35:55
507,Ust-Koksa,50.2696,85.6108,53.98,72,22,1.32,few clouds,RU,2022-05-22 19:35:55
508,Liberty,31.8335,-81.5004,92.26,62,20,11.5,few clouds,US,2022-05-22 19:35:56
509,Ketchikan,55.3422,-131.6461,57.67,44,0,11.5,clear sky,US,2022-05-22 19:32:28
510,Honiara,-9.4333,159.95,77.59,83,3,4.16,clear sky,SB,2022-05-22 19:31:44
511,Conceicao Do Araguaia,-8.2578,-49.2647,85.21,62,20,0.74,few clouds,BR,2022-05-22 19:35:56
512,Awbari,26.5921,12.7805,82.85,12,90,13.94,overcast clouds,LY,2022-05-22 19:36:56
513,Amalapuram,16.5833,82.0167,82.9,74,18,2.93,few clouds,IN,2022-05-22 19:36:57
514,Pine Bluff,34.2284,-92.0032,63.32,88,100,11.5,overcast clouds,US,2022-05-22 19:36:57
515,Harlingen,26.1906,-97.6961,82.49,69,100,23.02,overcast clouds,US,2022-05-22 19:36:57
516,Beasain,43.0502,-2.2009,65.5,97,75,3.47,broken clouds,ES,2022-05-22 19:36:58
517,Martapura,-3.4167,114.85,77.09,100,100,1.14,light rain,ID,2022-05-22 19:36:58
518,Hailar,49.2,119.7,53.51,52,11,11.27,few clouds,CN,2022-05-22 19:36:58
519,Vagay,57.9375,69.0217,38.52,94,11,5.53,few clouds,RU,2022-05-22 19:36:59
520,Pangnirtung,66.1451,-65.7125,35.6,64,75,5.75,broken clouds,CA,2022-05-22 19:36:59
521,Kidal,18.4411,1.4078,87.82,28,24,13.29,few clouds,ML,2022-05-22 19:36:59
522,Dakar,14.6937,-17.4441,74.28,73,40,9.22,scattered clouds,SN,2022-05-22 19:36:08
523,Bajna,27.9,77.6833,87.39,34,0,12.48,clear sky,IN,2022-05-22 19:37:00
524,Burnie,-41.0667,145.9167,42.94,84,11,4.83,few clouds,AU,2022-05-22 19:37:00
525,Livingston,55.9029,-3.5226,56.26,79,40,12.66,scattered clouds,GB,2022-05-22 19:36:39
526,Senador Jose Porfirio,-2.5908,-51.9542,80.55,72,90,2.44,overcast clouds,BR,2022-05-22 19:37:00
527,Ilheus,-14.7889,-39.0494,80.42,69,20,13.8,few clouds,BR,2022-05-22 19:37:01
528,Pangkalanbuun,-2.6833,111.6167,74.16,98,67,1.5,broken clouds,ID,2022-05-22 19:37:01
529,Nuuk,64.1835,-51.7216,34.41,93,100,32.21,light rain and snow,GL,2022-05-22 19:37:01
530,Sarangani,5.4033,125.4636,82.15,75,92,6.62,overcast clouds,PH,2022-05-22 19:37:02
531,Celestun,20.8667,-90.4,84.56,76,69,13.96,broken clouds,MX,2022-05-22 19:37:02
532,Perelyub,51.8667,50.3667,45.14,91,100,7.81,overcast clouds,RU,2022-05-22 19:37:02
533,Aykhal,66.0,111.5,48.79,62,10,4.79,clear sky,RU,2022-05-22 19:37:03
534,Atasu,48.6814,71.6433,46.47,47,0,4.12,clear sky,KZ,2022-05-22 19:37:03
535,Kavaratti,10.5669,72.642,83.14,80,94,18.54,overcast clouds,IN,2022-05-22 19:37:03
536,Semey,50.4111,80.2275,58.14,50,100,3.78,overcast clouds,KZ,2022-05-22 19:37:03
537,Singaraja,-8.112,115.0882,78.82,78,97,4.79,overcast clouds,ID,2022-05-22 19:34:38
538,Poli,-3.3333,36.8,62.87,78,100,2.73,overcast clouds,TZ,2022-05-22 19:37:04
539,Araouane,18.9048,-3.5265,94.39,7,0,11.18,clear sky,ML,2022-05-22 19:37:04
540,Muli,2.9167,73.5667,83.34,77,65,12.64,broken clouds,MV,2022-05-22 19:37:04
541,Port Said,31.2565,32.2841,73.38,60,0,13.8,clear sky,EG,2022-05-22 19:37:05
542,Magdagachi,53.45,125.8,42.06,96,100,12.97,light rain,RU,2022-05-22 19:37:05
543,Tanout,14.9709,8.8879,89.31,13,63,9.31,broken clouds,NE,2022-05-22 19:37:06
544,Sao Francisco,-15.9486,-44.8644,80.76,29,3,1.19,clear sky,BR,2022-05-22 19:36:27
545,Artyom,40.4723,50.333,62.74,80,46,21.0,scattered clouds,AZ,2022-05-22 19:37:06
546,Ahuimanu,21.4447,-157.8378,79.86,69,100,11.5,overcast clouds,US,2022-05-22 19:37:06
547,Topeka,39.0483,-95.678,67.89,41,0,11.5,clear sky,US,2022-05-22 19:37:01
548,Mount Isa,-20.7333,139.5,58.77,82,0,3.44,clear sky,AU,2022-05-22 19:37:07
549,Aguimes,27.9054,-15.4461,69.66,64,40,25.32,scattered clouds,ES,2022-05-22 19:37:07
550,Wilmington,34.2257,-77.9447,86.0,64,0,10.36,clear sky,US,2022-05-22 19:34:58
551,Ipoti,7.8738,5.0769,70.27,95,95,6.51,overcast clouds,NG,2022-05-22 19:37:07
552,Kashi,39.4547,75.9797,65.41,45,75,20.13,broken clouds,CN,2022-05-22 19:37:08
553,Ati,13.2154,18.3353,91.49,12,99,14.18,overcast clouds,TD,2022-05-22 19:37:08
554,Punta Alta,-38.8759,-62.0736,62.06,40,100,17.54,overcast clouds,AR,2022-05-22 19:37:08
555,Acapulco,16.8634,-99.8901,84.02,65,100,9.22,overcast clouds,MX,2022-05-22 19:34:32
556,Hudson Bay,52.85,-102.3842,60.75,29,98,11.43,overcast clouds,CA,2022-05-22 19:37:09
557,Omsukchan,62.5333,155.8,32.43,98,100,7.72,overcast clouds,RU,2022-05-22 19:37:09
558,Talen,23.5667,76.7167,85.75,53,28,18.39,scattered clouds,IN,2022-05-22 19:38:09
559,Pierre,44.3683,-100.351,61.05,32,0,10.0,clear sky,US,2022-05-22 19:37:44
560,Gorey,52.6747,-6.2925,57.58,89,41,9.06,scattered clouds,IE,2022-05-22 19:38:10
561,Gandajika,-6.75,23.95,72.61,74,99,4.41,overcast clouds,CD,2022-05-22 19:38:10
562,Bereda,43.2686,-7.5406,62.42,99,100,3.02,overcast clouds,ES,2022-05-22 19:38:10
563,Saint George,37.1041,-113.5841,85.62,10,0,5.99,clear sky,US,2022-05-22 19:37:41
564,Mwinilunga,-11.7358,24.4293,60.4,59,56,5.1,broken clouds,ZM,2022-05-22 19:34:14
565,Manokwari,-0.8667,134.0833,78.51,73,86,4.43,overcast clouds,ID,2022-05-22 19:38:11
566,Matay,28.419,30.7792,75.06,25,0,9.06,clear sky,EG,2022-05-22 19:38:11
567,Chancay,-11.5714,-77.2672,67.95,75,73,5.86,broken clouds,PE,2022-05-22 19:38:11
568,Mulchen,-37.7167,-72.2333,49.86,95,100,9.93,heavy intensity rain,CL,2022-05-22 19:38:12
569,Tonekabon,36.8163,50.8738,60.75,52,17,3.78,few clouds,IR,2022-05-22 19:38:12
570,Vaitape,-16.5167,-151.75,80.65,73,11,15.14,few clouds,PF,2022-05-22 19:38:12
571,Thinadhoo,0.5333,72.9333,83.66,75,87,12.06,overcast clouds,MV,2022-05-22 19:38:13
572,Northam,51.0333,-4.2167,56.61,90,100,7.38,overcast clouds,GB,2022-05-22 19:38:13
573,Ullapool,57.8987,-5.1604,53.35,96,100,3.44,heavy intensity rain,GB,2022-05-22 19:38:13
574,Nonoichi,36.5333,136.6167,60.58,93,3,3.02,clear sky,JP,2022-05-22 19:38:14
575,Tabuk,17.4189,121.4443,74.55,94,100,1.83,overcast clouds,PH,2022-05-22 19:38:14
576,Kagay,6.0088,120.9074,78.33,87,100,4.25,overcast clouds,PH,2022-05-22 19:38:14
577,Dehloran,32.6941,47.2679,91.72,9,0,5.41,clear sky,IR,2022-05-22 19:38:15
578,Sisimiut,66.9395,-53.6735,33.76,82,99,14.07,overcast clouds,GL,2022-05-22 19:38:15
579,Centralia,46.7162,-122.9543,69.35,55,0,3.44,clear sky,US,2022-05-22 19:37:17
580,San Carlos De Bariloche,-41.1456,-71.3082,42.24,65,40,9.22,scattered clouds,AR,2022-05-22 19:38:15
581,Hudiksvall,61.729,17.1036,42.87,67,24,4.59,few clouds,SE,2022-05-22 19:38:16
582,Norrkoping,58.5942,16.1826,55.98,57,33,6.91,scattered clouds,SE,2022-05-22 19:38:16
583,Pacific Grove,36.6177,-121.9166,69.39,80,20,10.36,few clouds,US,2022-05-22 19:38:16
584,Coos Bay,43.3665,-124.2179,69.31,88,0,8.05,clear sky,US,2022-05-22 19:37:29
585,Coachella,33.6803,-116.1739,92.61,27,0,4.61,clear sky,US,2022-05-22 19:38:17
586,Sawakin,19.1059,37.3321,82.81,64,2,11.27,clear sky,SD,2022-05-22 19:38:17
587,Vernashen,39.7924,45.3639,55.18,50,53,5.5,broken clouds,AM,2022-05-22 19:38:17
588,Lilongwe,-13.9669,33.7873,68.81,57,100,5.1,overcast clouds,MW,2022-05-22 19:38:18
589,Camacha,33.0833,-16.3333,65.62,64,20,11.5,few clouds,PT,2022-05-22 19:38:18
590,Myskhako,44.6714,37.7433,55.18,82,100,3.42,overcast clouds,RU,2022-05-22 19:38:18
591,Aviles,43.5547,-5.9248,62.19,98,100,18.41,overcast clouds,ES,2022-05-22 19:38:18
592,Marathon,44.9,-89.7668,52.84,50,100,9.22,overcast clouds,US,2022-05-22 19:38:19
593,Cove,7.221,2.3402,76.08,85,100,2.15,overcast clouds,BJ,2022-05-22 19:38:19
594,Khani,41.9563,42.9566,56.77,61,99,5.3,light rain,GE,2022-05-22 19:38:19
595,Xuddur,4.1213,43.8894,79.47,63,100,16.96,overcast clouds,SO,2022-05-22 19:38:20
596,Maumere,-8.6199,122.2111,78.75,79,78,3.62,broken clouds,ID,2022-05-22 19:38:20
597,Shimoda,34.6667,138.95,64.35,84,17,8.97,few clouds,JP,2022-05-22 19:38:20
598,Shalinskoye,55.7228,93.7594,53.89,55,100,5.08,overcast clouds,RU,2022-05-22 19:38:21
599,Mayo,38.8876,-76.5119,92.66,62,0,13.8,clear sky,US,2022-05-22 19:38:21
600,Camocim,-2.9022,-40.8411,78.85,87,53,5.26,broken clouds,BR,2022-05-22 19:35:01
601,Khorramshahr,30.4397,48.1664,89.56,19,0,6.91,clear sky,IR,2022-05-22 19:38:21
602,Daoukro,7.0591,-3.9631,69.39,98,99,2.28,overcast clouds,CI,2022-05-22 19:38:22
603,Sabha,27.0377,14.4283,79.56,9,4,10.63,clear sky,LY,2022-05-22 19:35:29
604,Denpasar,-8.65,115.2167,76.71,83,20,6.91,few clouds,ID,2022-05-22 19:38:22
605,Merauke,-8.4667,140.3333,79.05,84,24,12.15,few clouds,ID,2022-05-22 19:38:22
606,Yulara,-25.2406,130.9889,56.88,44,100,7.18,overcast clouds,AU,2022-05-22 19:35:48
607,Nordborg,55.0573,9.7408,57.06,76,99,1.14,overcast clouds,DK,2022-05-22 19:39:23
608,South Sioux City,42.4739,-96.4136,62.55,33,0,14.97,clear sky,US,2022-05-22 19:39:23
609,Kaeo,-35.1,173.7833,55.58,87,99,4.18,overcast clouds,NZ,2022-05-22 19:39:23
610,Calabozo,8.9242,-67.4293,96.91,28,89,6.06,overcast clouds,VE,2022-05-22 19:39:24
611,Neresnytsya,48.1181,23.7659,52.68,73,100,2.93,overcast clouds,UA,2022-05-22 19:39:24
612,Okato,-39.2,173.8833,48.69,70,75,11.05,broken clouds,NZ,2022-05-22 19:39:24
613,Tacoronte,28.4769,-16.4102,66.4,84,20,18.41,few clouds,ES,2022-05-22 19:39:25
614,Clearwater,27.9659,-82.8001,95.11,62,40,12.66,scattered clouds,US,2022-05-22 19:38:44
615,Deep River,46.1001,-77.4995,51.94,84,100,9.84,overcast clouds,CA,2022-05-22 19:39:25
616,Ishigaki,24.3448,124.1572,77.13,83,100,9.22,light rain,JP,2022-05-22 19:39:25
617,Farmington,36.7281,-108.2187,75.78,18,0,11.5,clear sky,US,2022-05-22 19:39:26
618,Nouadhibou,20.931,-17.0347,67.98,77,2,20.71,clear sky,MR,2022-05-22 19:39:26
619,Tehachapi,35.1322,-118.449,80.55,22,24,17.0,few clouds,US,2022-05-22 19:37:59
620,Vao,-22.6667,167.4833,74.91,86,100,8.3,overcast clouds,NC,2022-05-22 19:39:26
621,Yeppoon,-23.1333,150.7333,65.98,87,100,11.03,overcast clouds,AU,2022-05-22 19:39:27
622,Winneba,5.3511,-0.6231,75.88,86,100,7.16,overcast clouds,GH,2022-05-22 19:39:27
623,Beloha,-25.1667,45.05,65.43,88,5,7.14,clear sky,MG,2022-05-22 19:39:27
624,Shahrud,36.4182,54.9763,64.26,20,92,1.41,overcast clouds,IR,2022-05-22 19:39:28
625,Port Lincoln,-34.7333,135.8667,61.11,78,100,9.82,overcast clouds,AU,2022-05-22 19:39:28
626,Praia,14.9215,-23.5087,75.74,60,20,12.66,few clouds,CV,2022-05-22 19:39:28
627,Arzgir,45.3728,44.2206,58.89,79,89,9.37,overcast clouds,RU,2022-05-22 19:39:28
628,Adrar,20.5022,-10.0711,95.59,11,94,8.66,overcast clouds,MR,2022-05-22 19:39:29
629,Altay,47.8667,88.1167,64.56,28,79,5.84,broken clouds,CN,2022-05-22 19:39:29
630,Salinopolis,-0.6136,-47.3561,80.24,82,31,5.41,scattered clouds,BR,2022-05-22 19:39:29
631,Nicoya,10.1483,-85.452,86.72,64,89,6.53,overcast clouds,CR,2022-05-22 19:39:30
632,Ixtapa,20.7,-105.2,79.83,69,0,12.66,clear sky,MX,2022-05-22 19:39:30
633,Dao,11.3937,122.6856,74.01,91,97,3.24,overcast clouds,PH,2022-05-22 19:39:30
634,Abadan,30.3392,48.3043,89.55,19,0,6.91,clear sky,IR,2022-05-22 19:39:31
635,Dabhol,17.6,73.1667,81.73,80,6,6.76,clear sky,IN,2022-05-22 19:39:31
636,Warrington,53.3925,-2.5802,62.06,75,75,17.27,broken clouds,GB,2022-05-22 19:39:31
637,Gwadar,25.1216,62.3254,84.25,80,0,7.38,clear sky,PK,2022-05-22 19:39:32
638,Buala,-8.145,159.5921,80.11,79,9,5.57,clear sky,SB,2022-05-22 19:39:32
639,Jalu,29.0331,21.5482,75.72,23,0,10.16,clear sky,LY,2022-05-22 19:39:32
640,Kumluca,36.3703,30.2869,68.36,63,53,6.51,broken clouds,TR,2022-05-22 19:39:33
641,Feijo,-8.1642,-70.3536,81.88,69,68,2.59,broken clouds,BR,2022-05-22 19:39:33
642,Anadyr,64.75,177.4833,45.1,70,0,8.95,clear sky,RU,2022-05-22 19:35:46
643,Bhatapara,21.7333,81.9333,93.47,20,73,1.97,broken clouds,IN,2022-05-22 19:39:33
644,Amapa,1.0,-52.0,77.4,95,97,1.77,light rain,BR,2022-05-22 19:39:34
645,Bilibino,68.0546,166.4372,44.73,67,59,4.56,broken clouds,RU,2022-05-22 19:39:34
646,Loandjili,-4.7561,11.8578,75.0,84,84,7.23,broken clouds,CG,2022-05-22 19:39:34
647,Fort Nelson,58.8053,-122.7002,54.99,54,75,6.91,broken clouds,CA,2022-05-22 19:39:35
648,Bahce,37.1972,36.5766,55.51,91,57,6.85,broken clouds,TR,2022-05-22 19:39:35
649,Dandong,40.1292,124.3947,56.97,90,3,3.74,clear sky,CN,2022-05-22 19:39:35
650,Manzanillo,20.3433,-77.1167,90.84,47,100,6.64,overcast clouds,CU,2022-05-22 19:39:36
651,Yuzhno-Sukhokumsk,44.6581,45.6436,67.73,48,37,8.93,scattered clouds,RU,2022-05-22 19:39:36
652,Pangody,65.85,74.4859,45.61,83,93,19.75,overcast clouds,RU,2022-05-22 19:39:36
653,Cairo,30.0626,31.2497,76.05,35,0,8.05,clear sky,EG,2022-05-22 19:39:19
654,Karasjok,69.4719,25.5112,42.42,83,84,3.4,broken clouds,NO,2022-05-22 19:40:37
655,Antalaha,-14.9003,50.2788,71.78,83,21,6.98,few clouds,MG,2022-05-22 19:40:37
656,Sinop,41.7711,34.8709,53.46,61,24,5.23,few clouds,TR,2022-05-22 19:40:37
657,Aleksandrovsk-Sakhalinskiy,50.8975,142.1561,36.99,90,100,6.8,overcast clouds,RU,2022-05-22 19:40:37
658,Deputatskiy,69.3,139.9,28.76,92,87,2.91,overcast clouds,RU,2022-05-22 19:40:38
659,Zaraza,9.3503,-65.3245,93.87,35,100,3.0,overcast clouds,VE,2022-05-22 19:40:38
660,Sungairaya,0.7,108.9,78.85,89,82,2.82,broken clouds,ID,2022-05-22 19:40:39
661,Belle Fourche,44.6714,-103.8522,60.04,45,12,9.8,few clouds,US,2022-05-22 19:40:39
662,Baihar,22.1,80.55,87.3,26,99,3.89,overcast clouds,IN,2022-05-22 19:40:39
663,Horta,38.5333,-28.6333,64.04,100,75,2.3,light intensity drizzle,PT,2022-05-22 19:40:39
664,Manakara,-22.1333,48.0167,66.67,95,21,4.34,few clouds,MG,2022-05-22 19:40:40
665,Price,39.5994,-110.8107,67.12,13,20,11.5,few clouds,US,2022-05-22 19:40:40
666,Santa Rosa,14.3122,121.1114,80.58,92,95,0.83,overcast clouds,PH,2022-05-22 19:40:33
667,Xinzhou,38.4092,112.7333,61.59,60,100,1.86,overcast clouds,CN,2022-05-22 19:40:40
668,Carballo,43.213,-8.691,60.91,93,78,2.21,broken clouds,ES,2022-05-22 19:40:41
669,Komsomolskiy,40.4272,71.7189,54.32,82,40,0.0,scattered clouds,UZ,2022-05-22 19:40:41
670,Zyryanka,65.75,150.85,48.11,56,100,14.88,overcast clouds,RU,2022-05-22 19:40:41
671,Gopalpur,19.2667,84.9167,84.51,78,100,5.41,overcast clouds,IN,2022-05-22 19:40:42
672,Shelui,-4.3667,34.2,74.05,54,100,1.86,overcast clouds,TZ,2022-05-22 19:40:42
673,Zemio,5.0314,25.1361,73.63,74,100,2.46,overcast clouds,CF,2022-05-22 19:40:42
674,Camopi,3.1655,-52.3158,83.43,71,36,2.8,scattered clouds,GF,2022-05-22 19:40:43
675,Neiafu,-18.65,-173.9833,77.68,94,40,2.3,scattered clouds,TO,2022-05-22 19:40:43
676,Shimizu,43.0061,142.8847,53.96,87,99,0.27,overcast clouds,JP,2022-05-22 19:40:43
677,Crixas,-14.5489,-49.9692,82.56,27,45,3.69,scattered clouds,BR,2022-05-22 19:40:44
678,Porto Novo,6.4965,2.6036,80.42,85,75,5.75,broken clouds,BJ,2022-05-22 19:40:44
679,Abha,18.2164,42.5053,73.22,27,0,0.0,clear sky,SA,2022-05-22 19:40:44
680,Santa Fe Do Sul,-20.2111,-50.9258,74.39,36,0,3.13,clear sky,BR,2022-05-22 19:40:44
681,Mapiripan,2.8892,-72.1256,83.91,68,82,7.34,broken clouds,CO,2022-05-22 19:40:45
682,Anloga,5.7947,0.8973,79.54,78,73,6.13,broken clouds,GH,2022-05-22 19:40:45
683,Kerema,-7.9631,145.7785,78.87,85,63,1.36,broken clouds,PG,2022-05-22 19:40:45
684,Kyshtovka,56.555,76.6271,47.71,72,45,11.43,scattered clouds,RU,2022-05-22 19:40:46
685,Daru,-9.0763,143.2092,80.19,81,52,12.8,broken clouds,PG,2022-05-22 19:40:46
686,Havelock,34.8791,-76.9013,83.97,82,100,10.36,overcast clouds,US,2022-05-22 19:40:46
687,Okakarara,-20.5833,17.4333,51.19,36,0,6.13,clear sky,NA,2022-05-22 19:40:47
688,Sorland,67.667,12.6934,46.26,92,100,7.58,overcast clouds,NO,2022-05-22 19:40:47
689,Dawlatabad,36.4141,64.9053,64.29,29,0,4.99,clear sky,AF,2022-05-22 19:40:47
690,Nanganga,-10.3833,39.15,68.95,80,29,2.62,scattered clouds,TZ,2022-05-22 19:40:47
691,Southbridge,42.0751,-72.0334,94.26,55,81,7.72,broken clouds,US,2022-05-22 19:40:06
692,Road Town,18.4167,-64.6167,87.89,74,40,10.36,scattered clouds,VG,2022-05-22 19:36:07
693,Arica,-18.475,-70.3042,72.95,68,0,11.5,clear sky,CL,2022-05-22 19:40:48
694,Bayonne,43.3333,-1.4167,67.96,94,100,17.27,overcast clouds,FR,2022-05-22 19:40:48
695,Shirdi,19.7667,74.4833,79.02,66,0,15.57,clear sky,IN,2022-05-22 19:40:49
696,Dibulla,11.2725,-73.3091,90.34,55,22,9.17,few clouds,CO,2022-05-22 19:40:50
697,Victor Harbor,-35.5667,138.6167,56.68,83,14,8.41,few clouds,AU,2022-05-22 19:40:50
698,Ocos,14.5094,-92.1933,84.67,71,100,9.78,overcast clouds,GT,2022-05-22 19:40:51
699,Sao Jose Da Coroa Grande,-8.8978,-35.1478,78.21,80,7,14.79,clear sky,BR,2022-05-22 19:40:51
700,Andenes,69.3143,16.1194,44.58,100,100,4.61,overcast clouds,NO,2022-05-22 19:41:52
